{"loss": [1.3012938499450684, 0.42116686701774597, 0.2598070204257965, 0.1779399812221527, 0.13648727536201477], "accuracy": [0.6182374358177185, 0.8677573204040527, 0.9166085720062256, 0.9416601657867432, 0.9553595781326294], "val_loss": [0.4352656900882721, 0.35045358538627625, 0.23462742567062378, 0.1919810175895691, 0.1580742448568344], "val_accuracy": [0.8652401566505432, 0.8879467248916626, 0.9252788424491882, 0.9385386109352112, 0.9513430595397949]}